name;age;test;participation_first;participation_participator;participation_non_participator;participation_diag
cohort1;76;15FIT75;0.709;1;1;0.781
cohort2;76;47FIT75;0.709;1;1;0.781
cohort3;75;15FIT75;0.742;1;1;0.769
cohort4;75;47FIT75;0.742;1;1;0.769
cohort5;67;15FIT55;0.828;1;1;0.814
cohort5;69;47FIT65;0.821;0.934;0.276;0.795
cohort5;71;47FIT70;0.809;0.934;0.235;0.822
cohort5;73;47FIT70;0.775;0.934;0.104;0.796
cohort5;75;47FIT75;0.742;0.934;0.078;0.769
cohort6;67;47FIT65;0.828;1;1;0.814
cohort6;69;47FIT65;0.821;0.934;0.276;0.795
cohort6;71;47FIT70;0.809;0.934;0.235;0.822
cohort6;73;47FIT70;0.775;0.934;0.104;0.796
cohort6;75;47FIT75;0.742;0.934;0.078;0.769
cohort7;65;15FIT55;0.824;1;1;0.828
cohort7;67;47FIT65;0.828;0.934;0.334;0.814
cohort7;69;47FIT65;0.821;0.934;0.276;0.795
cohort7;71;47FIT70;0.809;0.934;0.235;0.822
cohort7;73;47FIT70;0.775;0.934;0.104;0.796
cohort7;75;47FIT75;0.742;0.934;0.078;0.769
cohort8;65;47FIT65;0.824;1;1;0.828
cohort8;67;47FIT65;0.828;0.934;0.334;0.814
cohort8;69;47FIT65;0.821;0.934;0.276;0.795
cohort8;71;47FIT70;0.809;0.934;0.235;0.822
cohort8;73;47FIT70;0.775;0.934;0.104;0.796
cohort8;75;47FIT75;0.742;0.934;0.078;0.769
cohort9;63;15FIT55;0.818;1;1;0.832
cohort9;65;47FIT65;0.824;0.934;0.328;0.828
cohort9;67;47FIT65;0.828;0.934;0.334;0.814
cohort9;69;47FIT65;0.821;0.934;0.276;0.795
cohort9;71;47FIT70;0.809;0.934;0.235;0.822
cohort9;73;47FIT70;0.775;0.934;0.104;0.796
cohort9;75;47FIT75;0.742;0.934;0.078;0.769
cohort10;63;47FIT60;0.818;1;1;0.832
cohort10;65;47FIT65;0.824;0.934;0.328;0.828
cohort10;67;47FIT65;0.828;0.934;0.334;0.814
cohort10;69;47FIT65;0.821;0.934;0.276;0.795
cohort10;71;47FIT70;0.809;0.934;0.235;0.822
cohort10;73;47FIT70;0.775;0.934;0.104;0.796
cohort10;75;47FIT75;0.742;0.934;0.078;0.769
cohort11;60;47FIT60;0.772;1;1;0.849
cohort11;62;47FIT60;0.811;0.934;0.394;0.836
cohort11;64;47FIT60;0.806;0.934;0.257;0.817
cohort11;66;47FIT65;0.815;0.934;0.323;0.828
cohort11;68;47FIT65;0.811;0.934;0.265;0.821
cohort11;70;47FIT70;0.832;0.934;0.397;0.831
cohort11;72;47FIT70;0.792;0.934;0.088;0.809
cohort11;74;47FIT70;0.759;0.934;0.09;0.782
cohort11;76;47FIT75;0.709;0.934;0.004;0.781
cohort12;77;47FIT75;0.35;1;1;0.75
cohort13;76;47FIT75;0.709;1;1;0.781
cohort14;75;47FIT75;0.742;1;1;0.769
cohort15;69;47FIT65;0.821;1;1;0.795
cohort15;71;47FIT70;0.809;0.934;0.235;0.822
cohort15;73;47FIT70;0.775;0.934;0.104;0.796
cohort15;75;47FIT75;0.742;0.934;0.078;0.769
cohort16;68;47FIT65;0.811;1;1;0.821
cohort16;70;47FIT70;0.832;0.934;0.397;0.831
cohort16;72;47FIT70;0.792;0.934;0.088;0.809
cohort16;74;47FIT70;0.759;0.934;0.09;0.782
cohort16;76;47FIT75;0.709;0.934;0.004;0.781
cohort17;67;47FIT65;0.828;1;1;0.814
cohort17;69;47FIT65;0.821;0.934;0.276;0.795
cohort17;71;47FIT70;0.809;0.934;0.235;0.822
cohort17;73;47FIT70;0.775;0.934;0.104;0.796
cohort17;75;47FIT75;0.742;0.934;0.078;0.769
cohort18;66;47FIT65;0.815;1;1;0.828
cohort18;68;47FIT65;0.811;0.934;0.265;0.821
cohort18;70;47FIT70;0.832;0.934;0.397;0.831
cohort18;72;47FIT70;0.792;0.934;0.088;0.809
cohort18;74;47FIT70;0.759;0.934;0.09;0.782
cohort18;76;47FIT75;0.709;0.934;0.004;0.781
cohort19;65;47FIT65;0.824;1;1;0.828
cohort19;67;47FIT65;0.828;0.934;0.334;0.814
cohort19;69;47FIT65;0.821;0.934;0.276;0.795
cohort19;71;47FIT70;0.809;0.934;0.235;0.822
cohort19;73;47FIT70;0.775;0.934;0.104;0.796
cohort19;75;47FIT75;0.742;0.934;0.078;0.769
cohort20;64;47FIT60;0.806;1;1;0.817
cohort20;66;47FIT65;0.815;0.934;0.323;0.828
cohort20;68;47FIT65;0.811;0.934;0.265;0.821
cohort20;70;47FIT70;0.832;0.934;0.397;0.831
cohort20;72;47FIT70;0.792;0.934;0.088;0.809
cohort20;74;47FIT70;0.759;0.934;0.09;0.782
cohort20;76;47FIT75;0.709;0.934;0.004;0.781
cohort21;63;47FIT60;0.818;1;1;0.832
cohort21;65;47FIT65;0.824;0.934;0.328;0.828
cohort21;67;47FIT65;0.828;0.934;0.334;0.814
cohort21;69;47FIT65;0.821;0.934;0.276;0.795
cohort21;71;47FIT70;0.809;0.934;0.235;0.822
cohort21;73;47FIT70;0.775;0.934;0.104;0.796
cohort21;75;47FIT75;0.742;0.934;0.078;0.769
cohort22;61;47FIT60;0.801;1;1;0.833
cohort22;63;47FIT60;0.818;0.934;0.352;0.832
cohort22;65;47FIT65;0.824;0.934;0.328;0.828
cohort22;67;47FIT65;0.828;0.934;0.334;0.814
cohort22;69;47FIT65;0.821;0.934;0.276;0.795
cohort22;71;47FIT70;0.809;0.934;0.235;0.822
cohort22;73;47FIT70;0.775;0.934;0.104;0.796
cohort22;75;47FIT75;0.742;0.934;0.078;0.769
cohort23;76;47FIT75;0.709;1;1;0.781
cohort24;75;47FIT75;0.742;1;1;0.769
cohort25;71;47FIT70;0.809;1;1;0.822
cohort25;73;47FIT70;0.775;0.934;0.104;0.796
cohort25;75;47FIT75;0.742;0.934;0.078;0.769
cohort26;70;47FIT70;0.832;1;1;0.831
cohort26;72;47FIT70;0.792;0.934;0.088;0.809
cohort26;74;47FIT70;0.759;0.934;0.09;0.782
cohort26;76;47FIT75;0.709;0.934;0.004;0.781
cohort27;68;47FIT65;0.811;1;1;0.821
cohort27;70;47FIT70;0.832;0.934;0.397;0.831
cohort27;72;47FIT70;0.792;0.934;0.088;0.809
cohort27;74;47FIT70;0.759;0.934;0.09;0.782
cohort27;76;47FIT75;0.709;0.934;0.004;0.781
cohort28;66;47FIT65;0.815;1;1;0.828
cohort28;68;47FIT65;0.811;0.934;0.265;0.821
cohort28;70;47FIT70;0.832;0.934;0.397;0.831
cohort28;72;47FIT70;0.792;0.934;0.088;0.809
cohort28;74;47FIT70;0.759;0.934;0.09;0.782
cohort28;76;47FIT75;0.709;0.934;0.004;0.781
cohort29;64;47FIT60;0.806;1;1;0.817
cohort29;66;47FIT65;0.815;0.934;0.323;0.828
cohort29;68;47FIT65;0.811;0.934;0.265;0.821
cohort29;70;47FIT70;0.832;0.934;0.397;0.831
cohort29;72;47FIT70;0.792;0.934;0.088;0.809
cohort29;74;47FIT70;0.759;0.934;0.09;0.782
cohort29;76;47FIT75;0.709;0.934;0.004;0.781
cohort30;63;47FIT60;0.818;1;1;0.832
cohort30;65;47FIT65;0.824;0.934;0.328;0.828
cohort30;67;47FIT65;0.828;0.934;0.334;0.814
cohort30;69;47FIT65;0.821;0.934;0.276;0.795
cohort30;71;47FIT70;0.809;0.934;0.235;0.822
cohort30;73;47FIT70;0.775;0.934;0.104;0.796
cohort30;75;47FIT75;0.742;0.934;0.078;0.769
cohort31;62;47FIT60;0.811;1;1;0.836
cohort31;64;47FIT60;0.806;0.934;0.257;0.817
cohort31;66;47FIT65;0.815;0.934;0.323;0.828
cohort31;68;47FIT65;0.811;0.934;0.265;0.821
cohort31;70;47FIT70;0.832;0.934;0.397;0.831
cohort31;72;47FIT70;0.792;0.934;0.088;0.809
cohort31;74;47FIT70;0.759;0.934;0.09;0.782
cohort31;76;47FIT75;0.709;0.934;0.004;0.781
cohort32;61;47FIT60;0.801;1;1;0.833
cohort32;63;47FIT60;0.818;0.934;0.352;0.832
cohort32;65;47FIT65;0.824;0.934;0.328;0.828
cohort32;67;47FIT65;0.828;0.934;0.334;0.814
cohort32;69;47FIT65;0.821;0.934;0.276;0.795
cohort32;71;47FIT70;0.809;0.934;0.235;0.822
cohort32;73;47FIT70;0.775;0.934;0.104;0.796
cohort32;75;47FIT75;0.742;0.934;0.078;0.769
cohort33;59;47FIT55;0.801;1;1;0.833
cohort33;61;47FIT60;0.801;0.934;0.266;0.833
cohort33;63;47FIT60;0.818;0.934;0.352;0.832
cohort33;65;47FIT65;0.824;0.934;0.328;0.828
cohort33;67;47FIT65;0.828;0.934;0.334;0.814
cohort33;69;47FIT65;0.821;0.934;0.276;0.795
cohort33;71;47FIT70;0.809;0.934;0.235;0.822
cohort33;73;47FIT70;0.775;0.934;0.104;0.796
cohort33;75;47FIT75;0.742;0.934;0.078;0.769
cohort34;76;47FIT75;0.709;1;1;0.781
cohort35;75;47FIT75;0.742;1;1;0.769
cohort36;73;47FIT70;0.775;1;1;0.796
cohort36;75;47FIT75;0.742;0.934;0.078;0.769
cohort37;72;47FIT70;0.792;1;1;0.809
cohort37;74;47FIT70;0.759;0.934;0.09;0.782
cohort37;76;47FIT75;0.709;0.934;0.004;0.781
cohort38;64;47FIT60;0.806;1;1;0.817
cohort38;66;47FIT65;0.815;0.934;0.323;0.828
cohort38;68;47FIT65;0.811;0.934;0.265;0.821
cohort38;70;47FIT70;0.832;0.934;0.397;0.831
cohort38;72;47FIT70;0.792;0.934;0.088;0.809
cohort38;74;47FIT70;0.759;0.934;0.09;0.782
cohort38;76;47FIT75;0.709;0.934;0.004;0.781
cohort39;62;47FIT60;0.811;1;1;0.836
cohort39;64;47FIT60;0.806;0.934;0.257;0.817
cohort39;66;47FIT65;0.815;0.934;0.323;0.828
cohort39;68;47FIT65;0.811;0.934;0.265;0.821
cohort39;70;47FIT70;0.832;0.934;0.397;0.831
cohort39;72;47FIT70;0.792;0.934;0.088;0.809
cohort39;74;47FIT70;0.759;0.934;0.09;0.782
cohort39;76;47FIT75;0.709;0.934;0.004;0.781
cohort40;61;47FIT60;0.801;1;1;0.833
cohort40;63;47FIT60;0.818;0.934;0.352;0.832
cohort40;65;47FIT65;0.824;0.934;0.328;0.828
cohort40;67;47FIT65;0.828;0.934;0.334;0.814
cohort40;69;47FIT65;0.821;0.934;0.276;0.795
cohort40;71;47FIT70;0.809;0.934;0.235;0.822
cohort40;73;47FIT70;0.775;0.934;0.104;0.796
cohort40;75;47FIT75;0.742;0.934;0.078;0.769
cohort41;60;47FIT60;0.772;1;1;0.849
cohort41;62;47FIT60;0.811;0.934;0.394;0.836
cohort41;64;47FIT60;0.806;0.934;0.257;0.817
cohort41;66;47FIT65;0.815;0.934;0.323;0.828
cohort41;68;47FIT65;0.811;0.934;0.265;0.821
cohort41;70;47FIT70;0.832;0.934;0.397;0.831
cohort41;72;47FIT70;0.792;0.934;0.088;0.809
cohort41;74;47FIT70;0.759;0.934;0.09;0.782
cohort41;76;47FIT75;0.709;0.934;0.004;0.781
cohort42;59;47FIT55;0.801;1;1;0.833
cohort42;61;47FIT60;0.801;0.934;0.266;0.833
cohort42;63;47FIT60;0.818;0.934;0.352;0.832
cohort42;65;47FIT65;0.824;0.934;0.328;0.828
cohort42;67;47FIT65;0.828;0.934;0.334;0.814
cohort42;69;47FIT65;0.821;0.934;0.276;0.795
cohort42;71;47FIT70;0.809;0.934;0.235;0.822
cohort42;73;47FIT70;0.775;0.934;0.104;0.796
cohort42;75;47FIT75;0.742;0.934;0.078;0.769
cohort43;57;47FIT55;0.801;1;1;0.833
cohort43;59;47FIT55;0.801;0.934;0.266;0.833
cohort43;61;47FIT60;0.801;0.934;0.266;0.833
cohort43;63;47FIT65;0.818;0.934;0.352;0.832
cohort43;65;47FIT65;0.824;0.934;0.328;0.828
cohort43;67;47FIT65;0.828;0.934;0.334;0.814
cohort43;69;47FIT65;0.821;0.934;0.276;0.795
cohort43;71;47FIT70;0.809;0.934;0.235;0.822
cohort43;73;47FIT70;0.775;0.934;0.104;0.796
cohort43;75;47FIT75;0.742;0.934;0.078;0.769
cohort44;75;47FIT75;0.742;1;1;0.769
cohort45;59;47FIT55;0.801;1;1;0.833
cohort45;61;47FIT60;0.801;0.934;0.266;0.833
cohort45;63;47FIT60;0.818;0.934;0.352;0.832
cohort45;65;47FIT65;0.824;0.934;0.328;0.828
cohort45;67;47FIT65;0.828;0.934;0.334;0.814
cohort45;69;47FIT65;0.821;0.934;0.276;0.795
cohort45;71;47FIT70;0.809;0.934;0.235;0.822
cohort45;73;47FIT70;0.775;0.934;0.104;0.796
cohort45;75;47FIT75;0.742;0.934;0.078;0.769
cohort46;57;47FIT55;0.801;1;1;0.833
cohort46;59;47FIT55;0.801;0.934;0.266;0.833
cohort46;61;47FIT60;0.801;0.934;0.266;0.833
cohort46;63;47FIT60;0.818;0.934;0.352;0.832
cohort46;65;47FIT65;0.824;0.934;0.328;0.828
cohort46;67;47FIT65;0.828;0.934;0.334;0.814
cohort46;69;47FIT65;0.821;0.934;0.276;0.795
cohort46;71;47FIT70;0.809;0.934;0.235;0.822
cohort46;73;47FIT70;0.775;0.934;0.104;0.796
cohort46;75;47FIT75;0.742;0.934;0.078;0.769
cohort47;55;47FIT55;0.801;1;1;0.833
cohort47;57;47FIT55;0.801;0.934;0.266;0.833
cohort47;59;47FIT55;0.801;0.934;0.266;0.833
cohort47;61;47FIT60;0.801;0.934;0.266;0.833
cohort47;63;47FIT60;0.818;0.934;0.352;0.832
cohort47;65;47FIT65;0.824;0.934;0.328;0.828
cohort47;67;47FIT65;0.828;0.934;0.334;0.814
cohort47;69;47FIT65;0.821;0.934;0.276;0.795
cohort47;71;47FIT70;0.809;0.934;0.235;0.822
cohort47;73;47FIT70;0.775;0.934;0.104;0.796
cohort47;75;47FIT75;0.742;0.934;0.078;0.769
cohort48;57;47FIT55;0.801;1;1;0.833
cohort48;59;47FIT55;0.801;0.934;0.266;0.833
cohort48;61;47FIT60;0.801;0.934;0.266;0.833
cohort48;63;47FIT60;0.818;0.934;0.352;0.832
cohort48;65;47FIT65;0.824;0.934;0.328;0.828
cohort48;67;47FIT65;0.828;0.934;0.334;0.814
cohort48;69;47FIT65;0.821;0.934;0.276;0.795
cohort48;71;47FIT70;0.809;0.934;0.235;0.822
cohort48;73;47FIT70;0.775;0.934;0.104;0.796
cohort48;75;47FIT75;0.742;0.934;0.078;0.769
cohort49;55;47FIT55;0.801;1;1;0.833
cohort49;57;47FIT55;0.801;0.934;0.266;0.833
cohort49;59;47FIT55;0.801;0.934;0.266;0.833
cohort49;61;47FIT60;0.801;0.934;0.266;0.833
cohort49;63;47FIT60;0.818;0.934;0.352;0.832
cohort49;65;47FIT65;0.824;0.934;0.328;0.828
cohort49;67;47FIT65;0.828;0.934;0.334;0.814
cohort49;69;47FIT65;0.821;0.934;0.276;0.795
cohort49;71;47FIT70;0.809;0.934;0.235;0.822
cohort49;73;47FIT70;0.775;0.934;0.104;0.796
cohort49;75;47FIT75;0.742;0.934;0.078;0.769
cohort50;55;47FIT55;0.801;1;1;0.833
cohort50;57;47FIT55;0.801;0.934;0.266;0.833
cohort50;59;47FIT55;0.801;0.934;0.266;0.833
cohort50;61;47FIT60;0.801;0.934;0.266;0.833
cohort50;63;47FIT60;0.818;0.934;0.352;0.832
cohort50;65;47FIT65;0.824;0.934;0.328;0.828
cohort50;67;47FIT65;0.828;0.934;0.334;0.814
cohort50;69;47FIT65;0.821;0.934;0.276;0.795
cohort50;71;47FIT70;0.809;0.934;0.235;0.822
cohort50;73;47FIT70;0.775;0.934;0.104;0.796
cohort50;75;47FIT75;0.742;0.934;0.078;0.769
cohort51;55;47FIT55;0.801;1;1;0.833
cohort51;57;47FIT55;0.801;0.934;0.266;0.833
cohort51;59;47FIT55;0.801;0.934;0.266;0.833
cohort51;61;47FIT60;0.801;0.934;0.266;0.833
cohort51;63;47FIT60;0.818;0.934;0.352;0.832
cohort51;65;47FIT65;0.824;0.934;0.328;0.828
cohort51;67;47FIT65;0.828;0.934;0.334;0.814
cohort51;69;47FIT65;0.821;0.934;0.276;0.795
cohort51;71;47FIT70;0.809;0.934;0.235;0.822
cohort51;73;47FIT70;0.775;0.934;0.104;0.796
cohort51;75;47FIT75;0.742;0.934;0.078;0.769
cohort52;55;47FIT55;0.801;1;1;0.833
cohort52;57;47FIT55;0.801;0.934;0.266;0.833
cohort52;59;47FIT55;0.801;0.934;0.266;0.833
cohort52;61;47FIT60;0.801;0.934;0.266;0.833
cohort52;63;47FIT60;0.818;0.934;0.352;0.832
cohort52;65;47FIT65;0.824;0.934;0.328;0.828
cohort52;67;47FIT65;0.828;0.934;0.334;0.814
cohort52;69;47FIT65;0.821;0.934;0.276;0.795
cohort52;71;47FIT70;0.809;0.934;0.235;0.822
cohort52;73;47FIT70;0.775;0.934;0.104;0.796
cohort52;75;47FIT75;0.742;0.934;0.078;0.769
cohort53;55;47FIT55;0.801;1;1;0.833
cohort53;57;47FIT55;0.801;0.934;0.266;0.833
cohort53;59;47FIT55;0.801;0.934;0.266;0.833
cohort53;61;47FIT60;0.801;0.934;0.266;0.833
cohort53;63;47FIT60;0.818;0.934;0.352;0.832
cohort53;65;47FIT65;0.824;0.934;0.328;0.828
cohort53;67;47FIT65;0.828;0.934;0.334;0.814
cohort53;69;47FIT65;0.821;0.934;0.276;0.795
cohort53;71;47FIT70;0.809;0.934;0.235;0.822
cohort53;73;47FIT70;0.775;0.934;0.104;0.796
cohort53;75;47FIT75;0.742;0.934;0.078;0.769
cohort54;55;47FIT55;0.801;1;1;0.833
cohort54;57;47FIT55;0.801;0.934;0.266;0.833
cohort54;59;47FIT55;0.801;0.934;0.266;0.833
cohort54;61;47FIT60;0.801;0.934;0.266;0.833
cohort54;63;47FIT60;0.818;0.934;0.352;0.832
cohort54;65;47FIT65;0.824;0.934;0.328;0.828
cohort54;67;47FIT65;0.828;0.934;0.334;0.814
cohort54;69;47FIT65;0.821;0.934;0.276;0.795
cohort54;71;47FIT70;0.809;0.934;0.235;0.822
cohort54;73;47FIT70;0.775;0.934;0.104;0.796
cohort54;75;47FIT75;0.742;0.934;0.078;0.769
cohort55;55;47FIT55;0.801;1;1;0.833
cohort55;57;47FIT55;0.801;0.934;0.266;0.833
cohort55;59;47FIT55;0.801;0.934;0.266;0.833
cohort55;61;47FIT60;0.801;0.934;0.266;0.833
cohort55;63;47FIT60;0.818;0.934;0.352;0.832
cohort55;65;47FIT65;0.824;0.934;0.328;0.828
cohort55;67;47FIT65;0.828;0.934;0.334;0.814
cohort55;69;47FIT65;0.821;0.934;0.276;0.795
cohort55;71;47FIT70;0.809;0.934;0.235;0.822
cohort55;73;47FIT70;0.775;0.934;0.104;0.796
cohort55;75;47FIT75;0.742;0.934;0.078;0.769
cohort56;55;47FIT55;0.801;1;1;0.833
cohort56;57;47FIT55;0.801;0.934;0.266;0.833
cohort56;59;47FIT55;0.801;0.934;0.266;0.833
cohort56;61;47FIT60;0.801;0.934;0.266;0.833
cohort56;63;47FIT60;0.818;0.934;0.352;0.832
cohort56;65;47FIT65;0.824;0.934;0.328;0.828
cohort56;67;47FIT65;0.828;0.934;0.334;0.814
cohort56;69;47FIT65;0.821;0.934;0.276;0.795
cohort56;71;47FIT70;0.809;0.934;0.235;0.822
cohort56;73;47FIT70;0.775;0.934;0.104;0.796
cohort56;75;47FIT75;0.742;0.934;0.078;0.769
cohort57;55;47FIT55;0.801;1;1;0.833
cohort57;57;47FIT55;0.801;0.934;0.266;0.833
cohort57;59;47FIT55;0.801;0.934;0.266;0.833
cohort57;61;47FIT60;0.801;0.934;0.266;0.833
cohort57;63;47FIT60;0.818;0.934;0.352;0.832
cohort57;65;47FIT65;0.824;0.934;0.328;0.828
cohort57;67;47FIT65;0.828;0.934;0.334;0.814
cohort57;69;47FIT65;0.821;0.934;0.276;0.795
cohort57;71;47FIT70;0.809;0.934;0.235;0.822
cohort57;73;47FIT70;0.775;0.934;0.104;0.796
cohort57;75;47FIT75;0.742;0.934;0.078;0.769
cohort58;55;47FIT55;0.801;1;1;0.833
cohort58;57;47FIT55;0.801;0.934;0.266;0.833
cohort58;59;47FIT55;0.801;0.934;0.266;0.833
cohort58;61;47FIT60;0.801;0.934;0.266;0.833
cohort58;63;47FIT60;0.818;0.934;0.352;0.832
cohort58;65;47FIT65;0.824;0.934;0.328;0.828
cohort58;67;47FIT65;0.828;0.934;0.334;0.814
cohort58;69;47FIT65;0.821;0.934;0.276;0.795
cohort58;71;47FIT70;0.809;0.934;0.235;0.822
cohort58;73;47FIT70;0.775;0.934;0.104;0.796
cohort58;75;47FIT75;0.742;0.934;0.078;0.769
cohort59;55;47FIT55;0.801;1;1;0.833
cohort59;57;47FIT55;0.801;0.934;0.266;0.833
cohort59;59;47FIT55;0.801;0.934;0.266;0.833
cohort59;61;47FIT60;0.801;0.934;0.266;0.833
cohort59;63;47FIT60;0.818;0.934;0.352;0.832
cohort59;65;47FIT65;0.824;0.934;0.328;0.828
cohort59;67;47FIT65;0.828;0.934;0.334;0.814
cohort59;69;47FIT65;0.821;0.934;0.276;0.795
cohort59;71;47FIT70;0.809;0.934;0.235;0.822
cohort59;73;47FIT70;0.775;0.934;0.104;0.796
cohort59;75;47FIT75;0.742;0.934;0.078;0.769
cohort60;55;47FIT55;0.801;1;1;0.833
cohort60;57;47FIT55;0.801;0.934;0.266;0.833
cohort60;59;47FIT55;0.801;0.934;0.266;0.833
cohort60;61;47FIT60;0.801;0.934;0.266;0.833
cohort60;63;47FIT60;0.818;0.934;0.352;0.832
cohort60;65;47FIT65;0.824;0.934;0.328;0.828
cohort60;67;47FIT65;0.828;0.934;0.334;0.814
cohort60;69;47FIT65;0.821;0.934;0.276;0.795
cohort60;71;47FIT70;0.809;0.934;0.235;0.822
cohort60;73;47FIT70;0.775;0.934;0.104;0.796
cohort60;75;47FIT75;0.742;0.934;0.078;0.769
cohort61;55;47FIT55;0.801;1;1;0.833
cohort61;57;47FIT55;0.801;0.934;0.266;0.833
cohort61;59;47FIT55;0.801;0.934;0.266;0.833
cohort61;61;47FIT60;0.801;0.934;0.266;0.833
cohort61;63;47FIT60;0.818;0.934;0.352;0.832
cohort61;65;47FIT65;0.824;0.934;0.328;0.828
cohort61;67;47FIT65;0.828;0.934;0.334;0.814
cohort61;69;47FIT65;0.821;0.934;0.276;0.795
cohort61;71;47FIT70;0.809;0.934;0.235;0.822
cohort61;73;47FIT70;0.775;0.934;0.104;0.796
cohort61;75;47FIT75;0.742;0.934;0.078;0.769
cohort62;55;47FIT55;0.801;1;1;0.833
cohort62;57;47FIT55;0.801;0.934;0.266;0.833
cohort62;59;47FIT55;0.801;0.934;0.266;0.833
cohort62;61;47FIT60;0.801;0.934;0.266;0.833
cohort62;63;47FIT60;0.818;0.934;0.352;0.832
cohort62;65;47FIT65;0.824;0.934;0.328;0.828
cohort62;67;47FIT65;0.828;0.934;0.334;0.814
cohort62;69;47FIT65;0.821;0.934;0.276;0.795
cohort62;71;47FIT70;0.809;0.934;0.235;0.822
cohort62;73;47FIT70;0.775;0.934;0.104;0.796
cohort62;75;47FIT75;0.742;0.934;0.078;0.769
cohort63;55;47FIT55;0.801;1;1;0.833
cohort63;57;47FIT55;0.801;0.934;0.266;0.833
cohort63;59;47FIT55;0.801;0.934;0.266;0.833
cohort63;61;47FIT60;0.801;0.934;0.266;0.833
cohort63;63;47FIT60;0.818;0.934;0.352;0.832
cohort63;65;47FIT65;0.824;0.934;0.328;0.828
cohort63;67;47FIT65;0.828;0.934;0.334;0.814
cohort63;69;47FIT65;0.821;0.934;0.276;0.795
cohort63;71;47FIT70;0.809;0.934;0.235;0.822
cohort63;73;47FIT70;0.775;0.934;0.104;0.796
cohort63;75;47FIT75;0.742;0.934;0.078;0.769
cohort64;55;47FIT55;0.801;1;1;0.833
cohort64;57;47FIT55;0.801;0.934;0.266;0.833
cohort64;59;47FIT55;0.801;0.934;0.266;0.833
cohort64;61;47FIT60;0.801;0.934;0.266;0.833
cohort64;63;47FIT60;0.818;0.934;0.352;0.832
cohort64;65;47FIT65;0.824;0.934;0.328;0.828
cohort64;67;47FIT65;0.828;0.934;0.334;0.814
cohort64;69;47FIT65;0.821;0.934;0.276;0.795
cohort64;71;47FIT70;0.809;0.934;0.235;0.822
cohort64;73;47FIT70;0.775;0.934;0.104;0.796
cohort64;75;47FIT75;0.742;0.934;0.078;0.769
cohort65;55;47FIT55;0.801;1;1;0.833
cohort65;57;47FIT55;0.801;0.934;0.266;0.833
cohort65;59;47FIT55;0.801;0.934;0.266;0.833
cohort65;61;47FIT60;0.801;0.934;0.266;0.833
cohort65;63;47FIT60;0.818;0.934;0.352;0.832
cohort65;65;47FIT65;0.824;0.934;0.328;0.828
cohort65;67;47FIT65;0.828;0.934;0.334;0.814
cohort65;69;47FIT65;0.821;0.934;0.276;0.795
cohort65;71;47FIT70;0.809;0.934;0.235;0.822
cohort65;73;47FIT70;0.775;0.934;0.104;0.796
cohort65;75;47FIT75;0.742;0.934;0.078;0.769
cohort66;55;47FIT55;0.801;1;1;0.833
cohort66;57;47FIT55;0.801;0.934;0.266;0.833
cohort66;59;47FIT55;0.801;0.934;0.266;0.833
cohort66;61;47FIT60;0.801;0.934;0.266;0.833
cohort66;63;47FIT60;0.818;0.934;0.352;0.832
cohort66;65;47FIT65;0.824;0.934;0.328;0.828
cohort66;67;47FIT65;0.828;0.934;0.334;0.814
cohort66;69;47FIT65;0.821;0.934;0.276;0.795
cohort66;71;47FIT70;0.809;0.934;0.235;0.822
cohort66;73;47FIT70;0.775;0.934;0.104;0.796
cohort66;75;47FIT75;0.742;0.934;0.078;0.769
cohort67;55;47FIT55;0.801;1;1;0.833
cohort67;57;47FIT55;0.801;0.934;0.266;0.833
cohort67;59;47FIT55;0.801;0.934;0.266;0.833
cohort67;61;47FIT60;0.801;0.934;0.266;0.833
cohort67;63;47FIT60;0.818;0.934;0.352;0.832
cohort67;65;47FIT65;0.824;0.934;0.328;0.828
cohort67;67;47FIT65;0.828;0.934;0.334;0.814
cohort67;69;47FIT65;0.821;0.934;0.276;0.795
cohort67;71;47FIT70;0.809;0.934;0.235;0.822
cohort67;73;47FIT70;0.775;0.934;0.104;0.796
cohort67;75;47FIT75;0.742;0.934;0.078;0.769
cohort68;55;47FIT55;0.801;1;1;0.833
cohort68;57;47FIT55;0.801;0.934;0.266;0.833
cohort68;59;47FIT55;0.801;0.934;0.266;0.833
cohort68;61;47FIT60;0.801;0.934;0.266;0.833
cohort68;63;47FIT60;0.818;0.934;0.352;0.832
cohort68;65;47FIT65;0.824;0.934;0.328;0.828
cohort68;67;47FIT65;0.828;0.934;0.334;0.814
cohort68;69;47FIT65;0.821;0.934;0.276;0.795
cohort68;71;47FIT70;0.809;0.934;0.235;0.822
cohort68;73;47FIT70;0.775;0.934;0.104;0.796
cohort68;75;47FIT75;0.742;0.934;0.078;0.769
cohort69;55;47FIT55;0.801;1;1;0.833
cohort69;57;47FIT55;0.801;0.934;0.266;0.833
cohort69;59;47FIT55;0.801;0.934;0.266;0.833
cohort69;61;47FIT60;0.801;0.934;0.266;0.833
cohort69;63;47FIT60;0.818;0.934;0.352;0.832
cohort69;65;47FIT65;0.824;0.934;0.328;0.828
cohort69;67;47FIT65;0.828;0.934;0.334;0.814
cohort69;69;47FIT65;0.821;0.934;0.276;0.795
cohort69;71;47FIT70;0.809;0.934;0.235;0.822
cohort69;73;47FIT70;0.775;0.934;0.104;0.796
cohort69;75;47FIT75;0.742;0.934;0.078;0.769
cohort70;55;47FIT55;0.801;1;1;0.833
cohort70;57;47FIT55;0.801;0.934;0.266;0.833
cohort70;59;47FIT55;0.801;0.934;0.266;0.833
cohort70;61;47FIT60;0.801;0.934;0.266;0.833
cohort70;63;47FIT60;0.818;0.934;0.352;0.832
cohort70;65;47FIT65;0.824;0.934;0.328;0.828
cohort70;67;47FIT65;0.828;0.934;0.334;0.814
cohort70;69;47FIT65;0.821;0.934;0.276;0.795
cohort70;71;47FIT70;0.809;0.934;0.235;0.822
cohort70;73;47FIT70;0.775;0.934;0.104;0.796
cohort70;75;47FIT75;0.742;0.934;0.078;0.769
cohort71;55;47FIT55;0.801;1;1;0.833
cohort71;57;47FIT55;0.801;0.934;0.266;0.833
cohort71;59;47FIT55;0.801;0.934;0.266;0.833
cohort71;61;47FIT60;0.801;0.934;0.266;0.833
cohort71;63;47FIT60;0.818;0.934;0.352;0.832
cohort71;65;47FIT65;0.824;0.934;0.328;0.828
cohort71;67;47FIT65;0.828;0.934;0.334;0.814
cohort71;69;47FIT65;0.821;0.934;0.276;0.795
cohort71;71;47FIT70;0.809;0.934;0.235;0.822
cohort71;73;47FIT70;0.775;0.934;0.104;0.796
cohort71;75;47FIT75;0.742;0.934;0.078;0.769
cohort72;55;47FIT55;0.801;1;1;0.833
cohort72;57;47FIT55;0.801;0.934;0.266;0.833
cohort72;59;47FIT55;0.801;0.934;0.266;0.833
cohort72;61;47FIT60;0.801;0.934;0.266;0.833
cohort72;63;47FIT60;0.818;0.934;0.352;0.832
cohort72;65;47FIT65;0.824;0.934;0.328;0.828
cohort72;67;47FIT65;0.828;0.934;0.334;0.814
cohort72;69;47FIT65;0.821;0.934;0.276;0.795
cohort72;71;47FIT70;0.809;0.934;0.235;0.822
cohort72;73;47FIT70;0.775;0.934;0.104;0.796
cohort72;75;47FIT75;0.742;0.934;0.078;0.769
cohort73;55;47FIT55;0.801;1;1;0.833
cohort73;57;47FIT55;0.801;0.934;0.266;0.833
cohort73;59;47FIT55;0.801;0.934;0.266;0.833
cohort73;61;47FIT60;0.801;0.934;0.266;0.833
cohort73;63;47FIT60;0.818;0.934;0.352;0.832
cohort73;65;47FIT65;0.824;0.934;0.328;0.828
cohort73;67;47FIT65;0.828;0.934;0.334;0.814
cohort73;69;47FIT65;0.821;0.934;0.276;0.795
cohort73;71;47FIT70;0.809;0.934;0.235;0.822
cohort73;73;47FIT70;0.775;0.934;0.104;0.796
cohort73;75;47FIT75;0.742;0.934;0.078;0.769
cohort74;55;47FIT55;0.801;1;1;0.833
cohort74;57;47FIT55;0.801;0.934;0.266;0.833
cohort74;59;47FIT55;0.801;0.934;0.266;0.833
cohort74;61;47FIT60;0.801;0.934;0.266;0.833
cohort74;63;47FIT60;0.818;0.934;0.352;0.832
cohort74;65;47FIT65;0.824;0.934;0.328;0.828
cohort74;67;47FIT65;0.828;0.934;0.334;0.814
cohort74;69;47FIT65;0.821;0.934;0.276;0.795
cohort74;71;47FIT70;0.809;0.934;0.235;0.822
cohort74;73;47FIT70;0.775;0.934;0.104;0.796
cohort74;75;47FIT75;0.742;0.934;0.078;0.769
cohort75;55;47FIT55;0.801;1;1;0.833
cohort75;57;47FIT55;0.801;0.934;0.266;0.833
cohort75;59;47FIT55;0.801;0.934;0.266;0.833
cohort75;61;47FIT60;0.801;0.934;0.266;0.833
cohort75;63;47FIT60;0.818;0.934;0.352;0.832
cohort75;65;47FIT65;0.824;0.934;0.328;0.828
cohort75;67;47FIT65;0.828;0.934;0.334;0.814
cohort75;69;47FIT65;0.821;0.934;0.276;0.795
cohort75;71;47FIT70;0.809;0.934;0.235;0.822
cohort75;73;47FIT70;0.775;0.934;0.104;0.796
cohort75;75;47FIT75;0.742;0.934;0.078;0.769
cohort76;55;47FIT55;0.801;1;1;0.833
cohort76;57;47FIT55;0.801;0.934;0.266;0.833
cohort76;59;47FIT55;0.801;0.934;0.266;0.833
cohort76;61;47FIT60;0.801;0.934;0.266;0.833
cohort76;63;47FIT60;0.818;0.934;0.352;0.832
cohort76;65;47FIT65;0.824;0.934;0.328;0.828
cohort76;67;47FIT65;0.828;0.934;0.334;0.814
cohort76;69;47FIT65;0.821;0.934;0.276;0.795
cohort76;71;47FIT70;0.809;0.934;0.235;0.822
cohort76;73;47FIT70;0.775;0.934;0.104;0.796
cohort76;75;47FIT75;0.742;0.934;0.078;0.769
cohort77;55;47FIT55;0.801;1;1;0.833
cohort77;57;47FIT55;0.801;0.934;0.266;0.833
cohort77;59;47FIT55;0.801;0.934;0.266;0.833
cohort77;61;47FIT60;0.801;0.934;0.266;0.833
cohort77;63;47FIT60;0.818;0.934;0.352;0.832
cohort77;65;47FIT65;0.824;0.934;0.328;0.828
cohort77;67;47FIT65;0.828;0.934;0.334;0.814
cohort77;69;47FIT65;0.821;0.934;0.276;0.795
cohort77;71;47FIT70;0.809;0.934;0.235;0.822
cohort77;73;47FIT70;0.775;0.934;0.104;0.796
cohort77;75;47FIT75;0.742;0.934;0.078;0.769
cohort78;55;47FIT55;0.801;1;1;0.833
cohort78;57;47FIT55;0.801;0.934;0.266;0.833
cohort78;59;47FIT55;0.801;0.934;0.266;0.833
cohort78;61;47FIT60;0.801;0.934;0.266;0.833
cohort78;63;47FIT60;0.818;0.934;0.352;0.832
cohort78;65;47FIT65;0.824;0.934;0.328;0.828
cohort78;67;47FIT65;0.828;0.934;0.334;0.814
cohort78;69;47FIT65;0.821;0.934;0.276;0.795
cohort78;71;47FIT70;0.809;0.934;0.235;0.822
cohort78;73;47FIT70;0.775;0.934;0.104;0.796
cohort78;75;47FIT75;0.742;0.934;0.078;0.769
cohort79;55;47FIT55;0.801;1;1;0.833
cohort79;57;47FIT55;0.801;0.934;0.266;0.833
cohort79;59;47FIT55;0.801;0.934;0.266;0.833
cohort79;61;47FIT60;0.801;0.934;0.266;0.833
cohort79;63;47FIT60;0.818;0.934;0.352;0.832
cohort79;65;47FIT65;0.824;0.934;0.328;0.828
cohort79;67;47FIT65;0.828;0.934;0.334;0.814
cohort79;69;47FIT65;0.821;0.934;0.276;0.795
cohort79;71;47FIT70;0.809;0.934;0.235;0.822
cohort79;73;47FIT70;0.775;0.934;0.104;0.796
cohort79;75;47FIT75;0.742;0.934;0.078;0.769
cohort80;55;47FIT55;0.801;1;1;0.833
cohort80;57;47FIT55;0.801;0.934;0.266;0.833
cohort80;59;47FIT55;0.801;0.934;0.266;0.833
cohort80;61;47FIT60;0.801;0.934;0.266;0.833
cohort80;63;47FIT60;0.818;0.934;0.352;0.832
cohort80;65;47FIT65;0.824;0.934;0.328;0.828
cohort80;67;47FIT65;0.828;0.934;0.334;0.814
cohort80;69;47FIT65;0.821;0.934;0.276;0.795
cohort80;71;47FIT70;0.809;0.934;0.235;0.822
cohort80;73;47FIT70;0.775;0.934;0.104;0.796
cohort80;75;47FIT75;0.742;0.934;0.078;0.769
cohort81;55;47FIT55;0.801;1;1;0.833
cohort81;57;47FIT55;0.801;0.934;0.266;0.833
cohort81;59;47FIT55;0.801;0.934;0.266;0.833
cohort81;61;47FIT60;0.801;0.934;0.266;0.833
cohort81;63;47FIT60;0.818;0.934;0.352;0.832
cohort81;65;47FIT65;0.824;0.934;0.328;0.828
cohort81;67;47FIT65;0.828;0.934;0.334;0.814
cohort81;69;47FIT65;0.821;0.934;0.276;0.795
cohort81;71;47FIT70;0.809;0.934;0.235;0.822
cohort81;73;47FIT70;0.775;0.934;0.104;0.796
cohort81;75;47FIT75;0.742;0.934;0.078;0.769
cohort82;55;47FIT55;0.801;1;1;0.833
cohort82;57;47FIT55;0.801;0.934;0.266;0.833
cohort82;59;47FIT55;0.801;0.934;0.266;0.833
cohort82;61;47FIT60;0.801;0.934;0.266;0.833
cohort82;63;47FIT60;0.818;0.934;0.352;0.832
cohort82;65;47FIT65;0.824;0.934;0.328;0.828
cohort82;67;47FIT65;0.828;0.934;0.334;0.814
cohort82;69;47FIT65;0.821;0.934;0.276;0.795
cohort82;71;47FIT70;0.809;0.934;0.235;0.822
cohort82;73;47FIT70;0.775;0.934;0.104;0.796
cohort82;75;47FIT75;0.742;0.934;0.078;0.769
cohort83;55;47FIT55;0.801;1;1;0.833
cohort83;57;47FIT55;0.801;0.934;0.266;0.833
cohort83;59;47FIT55;0.801;0.934;0.266;0.833
cohort83;61;47FIT60;0.801;0.934;0.266;0.833
cohort83;63;47FIT60;0.818;0.934;0.352;0.832
cohort83;65;47FIT65;0.824;0.934;0.328;0.828
cohort83;67;47FIT65;0.828;0.934;0.334;0.814
cohort83;69;47FIT65;0.821;0.934;0.276;0.795
cohort83;71;47FIT70;0.809;0.934;0.235;0.822
cohort83;73;47FIT70;0.775;0.934;0.104;0.796
cohort83;75;47FIT75;0.742;0.934;0.078;0.769
cohort84;55;47FIT55;0.801;1;1;0.833
cohort84;57;47FIT55;0.801;0.934;0.266;0.833
cohort84;59;47FIT55;0.801;0.934;0.266;0.833
cohort84;61;47FIT60;0.801;0.934;0.266;0.833
cohort84;63;47FIT60;0.818;0.934;0.352;0.832
cohort84;65;47FIT65;0.824;0.934;0.328;0.828
cohort84;67;47FIT65;0.828;0.934;0.334;0.814
cohort84;69;47FIT65;0.821;0.934;0.276;0.795
cohort84;71;47FIT70;0.809;0.934;0.235;0.822
cohort84;73;47FIT70;0.775;0.934;0.104;0.796
cohort84;75;47FIT75;0.742;0.934;0.078;0.769
cohort85;55;47FIT55;0.801;1;1;0.833
cohort85;57;47FIT55;0.801;0.934;0.266;0.833
cohort85;59;47FIT55;0.801;0.934;0.266;0.833
cohort85;61;47FIT60;0.801;0.934;0.266;0.833
cohort85;63;47FIT60;0.818;0.934;0.352;0.832
cohort85;65;47FIT65;0.824;0.934;0.328;0.828
cohort85;67;47FIT65;0.828;0.934;0.334;0.814
cohort85;69;47FIT65;0.821;0.934;0.276;0.795
cohort85;71;47FIT70;0.809;0.934;0.235;0.822
cohort85;73;47FIT70;0.775;0.934;0.104;0.796
cohort85;75;47FIT75;0.742;0.934;0.078;0.769
cohort86;55;47FIT55;0.801;1;1;0.833
cohort86;57;47FIT55;0.801;0.934;0.266;0.833
cohort86;59;47FIT55;0.801;0.934;0.266;0.833
cohort86;61;47FIT60;0.801;0.934;0.266;0.833
cohort86;63;47FIT60;0.818;0.934;0.352;0.832
cohort86;65;47FIT65;0.824;0.934;0.328;0.828
cohort86;67;47FIT65;0.828;0.934;0.334;0.814
cohort86;69;47FIT65;0.821;0.934;0.276;0.795
cohort86;71;47FIT70;0.809;0.934;0.235;0.822
cohort86;73;47FIT70;0.775;0.934;0.104;0.796
cohort86;75;47FIT75;0.742;0.934;0.078;0.769
cohort87;55;47FIT55;0.801;1;1;0.833
cohort87;57;47FIT55;0.801;0.934;0.266;0.833
cohort87;59;47FIT55;0.801;0.934;0.266;0.833
cohort87;61;47FIT60;0.801;0.934;0.266;0.833
cohort87;63;47FIT60;0.818;0.934;0.352;0.832
cohort87;65;47FIT65;0.824;0.934;0.328;0.828
cohort87;67;47FIT65;0.828;0.934;0.334;0.814
cohort87;69;47FIT65;0.821;0.934;0.276;0.795
cohort87;71;47FIT70;0.809;0.934;0.235;0.822
cohort87;73;47FIT70;0.775;0.934;0.104;0.796
cohort87;75;47FIT75;0.742;0.934;0.078;0.769
cohort88;55;47FIT55;0.801;1;1;0.833
cohort88;57;47FIT55;0.801;0.934;0.266;0.833
cohort88;59;47FIT55;0.801;0.934;0.266;0.833
cohort88;61;47FIT60;0.801;0.934;0.266;0.833
cohort88;63;47FIT60;0.818;0.934;0.352;0.832
cohort88;65;47FIT65;0.824;0.934;0.328;0.828
cohort88;67;47FIT65;0.828;0.934;0.334;0.814
cohort88;69;47FIT65;0.821;0.934;0.276;0.795
cohort88;71;47FIT70;0.809;0.934;0.235;0.822
cohort88;73;47FIT70;0.775;0.934;0.104;0.796
cohort88;75;47FIT75;0.742;0.934;0.078;0.769
cohort89;55;47FIT55;0.801;1;1;0.833
cohort89;57;47FIT55;0.801;0.934;0.266;0.833
cohort89;59;47FIT55;0.801;0.934;0.266;0.833
cohort89;61;47FIT60;0.801;0.934;0.266;0.833
cohort89;63;47FIT60;0.818;0.934;0.352;0.832
cohort89;65;47FIT65;0.824;0.934;0.328;0.828
cohort89;67;47FIT65;0.828;0.934;0.334;0.814
cohort89;69;47FIT65;0.821;0.934;0.276;0.795
cohort89;71;47FIT70;0.809;0.934;0.235;0.822
cohort89;73;47FIT70;0.775;0.934;0.104;0.796
cohort89;75;47FIT75;0.742;0.934;0.078;0.769
cohort90;55;47FIT55;0.801;1;1;0.833
cohort90;57;47FIT55;0.801;0.934;0.266;0.833
cohort90;59;47FIT55;0.801;0.934;0.266;0.833
cohort90;61;47FIT60;0.801;0.934;0.266;0.833
cohort90;63;47FIT60;0.818;0.934;0.352;0.832
cohort90;65;47FIT65;0.824;0.934;0.328;0.828
cohort90;67;47FIT65;0.828;0.934;0.334;0.814
cohort90;69;47FIT65;0.821;0.934;0.276;0.795
cohort90;71;47FIT70;0.809;0.934;0.235;0.822
cohort90;73;47FIT70;0.775;0.934;0.104;0.796
cohort90;75;47FIT75;0.742;0.934;0.078;0.769
cohort91;55;47FIT55;0.801;1;1;0.833
cohort91;57;47FIT55;0.801;0.934;0.266;0.833
cohort91;59;47FIT55;0.801;0.934;0.266;0.833
cohort91;61;47FIT60;0.801;0.934;0.266;0.833
cohort91;63;47FIT60;0.818;0.934;0.352;0.832
cohort91;65;47FIT65;0.824;0.934;0.328;0.828
cohort91;67;47FIT65;0.828;0.934;0.334;0.814
cohort91;69;47FIT65;0.821;0.934;0.276;0.795
cohort91;71;47FIT70;0.809;0.934;0.235;0.822
cohort91;73;47FIT70;0.775;0.934;0.104;0.796
cohort91;75;47FIT75;0.742;0.934;0.078;0.769
cohort92;55;47FIT55;0.801;1;1;0.833
cohort92;57;47FIT55;0.801;0.934;0.266;0.833
cohort92;59;47FIT55;0.801;0.934;0.266;0.833
cohort92;61;47FIT60;0.801;0.934;0.266;0.833
cohort92;63;47FIT60;0.818;0.934;0.352;0.832
cohort92;65;47FIT65;0.824;0.934;0.328;0.828
cohort92;67;47FIT65;0.828;0.934;0.334;0.814
cohort92;69;47FIT65;0.821;0.934;0.276;0.795
cohort92;71;47FIT70;0.809;0.934;0.235;0.822
cohort92;73;47FIT70;0.775;0.934;0.104;0.796
cohort92;75;47FIT75;0.742;0.934;0.078;0.769
cohort93;55;47FIT55;0.801;1;1;0.833
cohort93;57;47FIT55;0.801;0.934;0.266;0.833
cohort93;59;47FIT55;0.801;0.934;0.266;0.833
cohort93;61;47FIT60;0.801;0.934;0.266;0.833
cohort93;63;47FIT60;0.818;0.934;0.352;0.832
cohort93;65;47FIT65;0.824;0.934;0.328;0.828
cohort93;67;47FIT65;0.828;0.934;0.334;0.814
cohort93;69;47FIT65;0.821;0.934;0.276;0.795
cohort93;71;47FIT70;0.809;0.934;0.235;0.822
cohort93;73;47FIT70;0.775;0.934;0.104;0.796
cohort93;75;47FIT75;0.742;0.934;0.078;0.769
cohort94;55;47FIT55;0.801;1;1;0.833
cohort94;57;47FIT55;0.801;0.934;0.266;0.833
cohort94;59;47FIT55;0.801;0.934;0.266;0.833
cohort94;61;47FIT60;0.801;0.934;0.266;0.833
cohort94;63;47FIT60;0.818;0.934;0.352;0.832
cohort94;65;47FIT65;0.824;0.934;0.328;0.828
cohort94;67;47FIT65;0.828;0.934;0.334;0.814
cohort94;69;47FIT65;0.821;0.934;0.276;0.795
cohort94;71;47FIT70;0.809;0.934;0.235;0.822
cohort94;73;47FIT70;0.775;0.934;0.104;0.796
cohort94;75;47FIT75;0.742;0.934;0.078;0.769
cohort95;55;47FIT55;0.801;1;1;0.833
cohort95;57;47FIT55;0.801;0.934;0.266;0.833
cohort95;59;47FIT55;0.801;0.934;0.266;0.833
cohort95;61;47FIT60;0.801;0.934;0.266;0.833
cohort95;63;47FIT60;0.818;0.934;0.352;0.832
cohort95;65;47FIT65;0.824;0.934;0.328;0.828
cohort95;67;47FIT65;0.828;0.934;0.334;0.814
cohort95;69;47FIT65;0.821;0.934;0.276;0.795
cohort95;71;47FIT70;0.809;0.934;0.235;0.822
cohort95;73;47FIT70;0.775;0.934;0.104;0.796
cohort95;75;47FIT75;0.742;0.934;0.078;0.769
cohort96;55;47FIT55;0.801;1;1;0.833
cohort96;57;47FIT55;0.801;0.934;0.266;0.833
cohort96;59;47FIT55;0.801;0.934;0.266;0.833
cohort96;61;47FIT60;0.801;0.934;0.266;0.833
cohort96;63;47FIT60;0.818;0.934;0.352;0.832
cohort96;65;47FIT65;0.824;0.934;0.328;0.828
cohort96;67;47FIT65;0.828;0.934;0.334;0.814
cohort96;69;47FIT65;0.821;0.934;0.276;0.795
cohort96;71;47FIT70;0.809;0.934;0.235;0.822
cohort96;73;47FIT70;0.775;0.934;0.104;0.796
cohort96;75;47FIT75;0.742;0.934;0.078;0.769
cohort97;55;47FIT55;0.801;1;1;0.833
cohort97;57;47FIT55;0.801;0.934;0.266;0.833
cohort97;59;47FIT55;0.801;0.934;0.266;0.833
cohort97;61;47FIT60;0.801;0.934;0.266;0.833
cohort97;63;47FIT60;0.818;0.934;0.352;0.832
cohort97;65;47FIT65;0.824;0.934;0.328;0.828
cohort97;67;47FIT65;0.828;0.934;0.334;0.814
cohort97;69;47FIT65;0.821;0.934;0.276;0.795
cohort97;71;47FIT70;0.809;0.934;0.235;0.822
cohort97;73;47FIT70;0.775;0.934;0.104;0.796
cohort97;75;47FIT75;0.742;0.934;0.078;0.769
cohort98;55;47FIT55;0.801;1;1;0.833
cohort98;57;47FIT55;0.801;0.934;0.266;0.833
cohort98;59;47FIT55;0.801;0.934;0.266;0.833
cohort98;61;47FIT60;0.801;0.934;0.266;0.833
cohort98;63;47FIT60;0.818;0.934;0.352;0.832
cohort98;65;47FIT65;0.824;0.934;0.328;0.828
cohort98;67;47FIT65;0.828;0.934;0.334;0.814
cohort98;69;47FIT65;0.821;0.934;0.276;0.795
cohort98;71;47FIT70;0.809;0.934;0.235;0.822
cohort98;73;47FIT70;0.775;0.934;0.104;0.796
cohort98;75;47FIT75;0.742;0.934;0.078;0.769
